<?xml version="1.0" encoding="UTF-8"?>
<tour appversion="5.2.2" start="node1" apprev="15983">
  <panorama id="node1" hideabout="1">
    <input leveltileurl="tiles/node1/cf_%c/l_%l/c_%x/tile_%y.jpg" levelingpitch="0" levelingroll="0" width="625" levelbiashidpi="0.400" height="625" overlap="1" leveltilesize="510" levelbias="0.400">
      <level predecode="0" preload="0" width="625" height="625"/>
      <level predecode="1" preload="1" width="312" height="312"/>
      <preview color="0x808080" strip="1"/>
    </input>
    <view fovmode="0" pannorth="0">
      <start projection="4" pan="0" tilt="0" fov="70"/>
      <flyin projection="9" pan="0" tilt="-90" fov="170"/>
      <min pan="0" tilt="-90" fov="5"/>
      <max pan="360" tilt="90" scaletofit="1" fovstereographic="270" fovfisheye="360" fov="120"/>
    </view>
    <userdata info="" customnodeid="" description="" longitude="" copyright="" comment="" author="" tags="360度全景图显示" latitude="" title="" source="" datetime=""/>
    <hotspots wordwrap="1" width="180" height="20">
      <label borderalpha="1" enabled="1" wordwrap="1" width="180" textalpha="1" backgroundalpha="1" bordercolor="0x000000" border="1" height="20" background="1" textcolor="0x000000" backgroundcolor="0xffffff" borderradius="1"/>
      <polystyle mode="0" handcursor="1" borderalpha="1" backgroundalpha="0.2509803921568627" bordercolor="0x0000ff" backgroundcolor="0x0000ff"/>
      <hotspot id="Point01" description="" pan="-4.82" tilt="1.23" target="$fwd" skinid="ht_node" url="{node2}" title=""/>
    </hotspots>
    <media/>
    <transition type="crossdissolve" blendtime="2" zoomin="2" zoomout="2" enabled="1" zoomspeed="2" blendcolor="0x000000" zoomfov="20" softedge="0" zoomoutpause="1"/>
    <flyintransition speed="0.80" enabled="1"/>
    <control lockedkeyboard="0" sensitivity="8" contextprojections="1" lockedkeyboardzoom="0" dblclickfullscreen="0" hideabout="1" lockedmouse="0" contextfullscreen="1" invertwheel="0" lockedwheel="0" rubberband="0" speedwheel="1" simulatemass="1" invertcontrol="1"/>
  </panorama>
  <panorama id="node2" hideabout="1">
    <input leveltileurl="tiles/node2/cf_%c/l_%l/c_%x/tile_%y.jpg" levelingpitch="0" levelingroll="0" width="1135" levelbiashidpi="0.400" height="1135" overlap="1" leveltilesize="510" levelbias="0.400">
      <level predecode="0" preload="0" width="1135" height="1135"/>
      <level predecode="0" preload="0" width="567" height="567"/>
      <level predecode="1" preload="1" width="283" height="283"/>
      <preview color="0x808080" strip="1"/>
    </input>
    <view fovmode="0" pannorth="285">
      <start projection="4" pan="0" tilt="0" fov="70"/>
      <flyin projection="9" pan="0" tilt="-90" fov="170"/>
      <min pan="0" tilt="-90" fov="5"/>
      <max pan="360" tilt="90" scaletofit="1" fovstereographic="270" fovfisheye="360" fov="120"/>
    </view>
    <userdata info="" customnodeid="" description="" longitude="2.306156" copyright="" comment="" author="" tags="360度全景图显示" latitude="49.900045" title="" source="" datetime="2013/01/19 0:00"/>
    <hotspots wordwrap="1" width="180" height="20">
      <label borderalpha="1" enabled="1" wordwrap="1" width="180" textalpha="1" backgroundalpha="1" bordercolor="0x000000" border="1" height="20" background="1" textcolor="0x000000" backgroundcolor="0xffffff" borderradius="1"/>
      <polystyle mode="0" handcursor="1" borderalpha="1" backgroundalpha="0.2509803921568627" bordercolor="0x0000ff" backgroundcolor="0x0000ff"/>
      <hotspot id="Point01" description="" pan="-49.42" tilt="-0.97" target="" skinid="ht_node" url="{node1}" title=""/>
    </hotspots>
    <media/>
    <transition type="crossdissolve" blendtime="2" zoomin="2" zoomout="2" enabled="1" zoomspeed="2" blendcolor="0x000000" zoomfov="20" softedge="0" zoomoutpause="1"/>
    <flyintransition speed="0.80" enabled="1"/>
    <control lockedkeyboard="0" sensitivity="8" contextprojections="1" lockedkeyboardzoom="0" dblclickfullscreen="0" hideabout="1" lockedmouse="0" contextfullscreen="1" invertwheel="0" lockedwheel="0" rubberband="0" speedwheel="1" simulatemass="1" invertcontrol="1"/>
  </panorama>
</tour>
